{
  "kind": "collectionType",
  "collectionName": "payments",
  "info": {
    "singularName": "payment",
    "pluralName": "payments",
    "displayName": "Payment",
    "description": ""
  },
  "options": {
    "draftAndPublish": true
  },
  "pluginOptions": {},
  "attributes": {
    "order_id": {
      "type": "relation",
      "relation": "oneToOne",
      "target": "api::order.order",
      "mappedBy": "payment"
    },
    "amount": {
      "type": "integer"
    },
    "payment_method": {
      "type": "string"
    },
    "customer_id": {
      "type": "relation",
      "relation": "oneToOne",
      "target": "api::customer.customer"
    },
    "transaction_id": {
      "type": "string"
    },
    "status": {
      "type": "string"
    },
    "payment_gateway": {
      "type": "string"
    },
    "currency": {
      "type": "string"
    },
    "refund_status": {
      "type": "string"
    },
    "transaction_fee": {
      "type": "string"
    }
  }
}
