{
  "kind": "collectionType",
  "collectionName": "categories",
  "info": {
    "singularName": "category",
    "pluralName": "categories",
    "displayName": "Category",
    "description": ""
  },
  "options": {
    "draftAndPublish": true
  },
  "pluginOptions": {},
  "attributes": {
    "value": {
      "type": "string"
    },
    "parent_id": {
      "type": "relation",
      "relation": "oneToOne",
      "target": "api::category.category"
    },
    "category_code": {
      "type": "string"
    }
  }
}
