{
  "kind": "collectionType",
  "collectionName": "inputs",
  "info": {
    "singularName": "input",
    "pluralName": "inputs",
    "displayName": "Input"
  },
  "options": {
    "draftAndPublish": true
  },
  "pluginOptions": {},
  "attributes": {
    "form_id": {
      "type": "string"
    },
    "form_url": {
      "type": "string"
    },
    "item": {
      "type": "relation",
      "relation": "oneToOne",
      "target": "api::item.item",
      "inversedBy": "input"
    },
    "provider": {
      "type": "relation",
      "relation": "oneToOne",
      "target": "api::provider.provider",
      "inversedBy": "input"
    }
  }
}
