{
  "kind": "collectionType",
  "collectionName": "return_cancellations",
  "info": {
    "singularName": "return-cancellation",
    "pluralName": "return-cancellations",
    "displayName": "ReturnCancellation"
  },
  "options": {
    "draftAndPublish": true
  },
  "pluginOptions": {},
  "attributes": {
    "type": {
      "type": "string"
    },
    "done_by": {
      "type": "string"
    },
    "reason": {
      "type": "text"
    },
    "action_date_time": {
      "type": "datetime"
    },
    "status": {
      "type": "string"
    },
    "order_id": {
      "type": "relation",
      "relation": "oneToOne",
      "target": "api::order.order"
    },
    "order_item_id": {
      "type": "relation",
      "relation": "oneToMany",
      "target": "api::order-item.order-item"
    }
  }
}
