{
  "kind": "collectionType",
  "collectionName": "orders",
  "info": {
    "singularName": "order",
    "pluralName": "orders",
    "displayName": "Order",
    "description": ""
  },
  "options": {
    "draftAndPublish": true
  },
  "pluginOptions": {},
  "attributes": {
    "status": {
      "type": "string"
    },
    "currency": {
      "type": "string"
    },
    "tax_amount": {
      "type": "decimal"
    },
    "total_amount": {
      "type": "decimal"
    },
    "billing_email": {
      "type": "string"
    },
    "payment_method": {
      "type": "string"
    },
    "payment_method_title": {
      "type": "string"
    },
    "transaction_id": {
      "type": "string"
    },
    "ip_address": {
      "type": "string"
    },
    "user_agent": {
      "type": "string"
    },
    "customer_note": {
      "type": "text"
    },
    "parent_order_id": {
      "type": "relation",
      "relation": "oneToOne",
      "target": "api::order.order"
    },
    "payment": {
      "type": "relation",
      "relation": "oneToOne",
      "target": "api::payment.payment",
      "inversedBy": "order_id"
    },
    "amount_without_tax": {
      "type": "biginteger"
    },
    "order_address": {
      "type": "relation",
      "relation": "oneToOne",
      "target": "api::order-address.order-address",
      "inversedBy": "order_id"
    },
    "order_items": {
      "type": "relation",
      "relation": "oneToMany",
      "target": "api::order-item.order-item",
      "mappedBy": "order_id"
    },
    "items": {
      "type": "relation",
      "relation": "manyToMany",
      "target": "api::item.item",
      "mappedBy": "orders"
    }
  }
}
