{
  "kind": "collectionType",
  "collectionName": "sc_products",
  "info": {
    "singularName": "sc-product",
    "pluralName": "sc-products",
    "displayName": "sc_retail_product",
    "description": ""
  },
  "options": {
    "draftAndPublish": true
  },
  "pluginOptions": {},
  "attributes": {
    "sku": {
      "type": "string"
    },
    "downloadable": {
      "type": "boolean"
    },
    "min_price": {
      "type": "biginteger"
    },
    "max_price": {
      "type": "biginteger"
    },
    "on_sale": {
      "type": "boolean"
    },
    "stock_quantity": {
      "type": "integer"
    },
    "stock_status": {
      "type": "string"
    },
    "rating_count": {
      "type": "integer"
    },
    "average_rating": {
      "type": "decimal"
    },
    "total_sales": {
      "type": "integer"
    },
    "tax_status": {
      "type": "string"
    },
    "tax_class": {
      "type": "string"
    },
    "virtual": {
      "type": "boolean"
    },
    "item_id": {
      "type": "relation",
      "relation": "oneToOne",
      "target": "api::item.item",
      "mappedBy": "sc_retail_product"
    },
    "product_cancel": {
      "type": "relation",
      "relation": "oneToMany",
      "target": "api::sc-retail-product-cancel.sc-retail-product-cancel"
    },
    "product_refund": {
      "type": "relation",
      "relation": "oneToOne",
      "target": "api::sc-retail-product-refund.sc-retail-product-refund"
    },
    "currency": {
      "type": "string"
    },
    "price_bareakup_ids": {
      "type": "relation",
      "relation": "oneToMany",
      "target": "api::price-bareakup.price-bareakup"
    },
    "additional_fee": {
      "type": "string"
    },
    "base_fee": {
      "type": "string"
    }
  }
}
