{
  "kind": "collectionType",
  "collectionName": "appointments",
  "info": {
    "singularName": "appointment",
    "pluralName": "appointments",
    "displayName": "Appointment",
    "description": ""
  },
  "options": {
    "draftAndPublish": true
  },
  "pluginOptions": {},
  "attributes": {
    "customer_id": {
      "type": "relation",
      "relation": "oneToOne",
      "target": "api::customer.customer"
    },
    "service_id": {
      "type": "relation",
      "relation": "oneToOne",
      "target": "api::service.service"
    },
    "start_time": {
      "type": "datetime"
    },
    "end_time": {
      "type": "datetime"
    },
    "appointment_taken_date": {
      "type": "datetime"
    },
    "appointment_status_id": {
      "type": "relation",
      "relation": "oneToOne",
      "target": "api::appointment-status.appointment-status"
    }
  }
}
