{
  "kind": "collectionType",
  "collectionName": "customers",
  "info": {
    "singularName": "customer",
    "pluralName": "customers",
    "displayName": "Customer",
    "description": ""
  },
  "options": {
    "draftAndPublish": true
  },
  "pluginOptions": {},
  "attributes": {
    "first_name": {
      "type": "string"
    },
    "last_name": {
      "type": "string"
    },
    "email": {
      "type": "string"
    },
    "location_id": {
      "type": "relation",
      "relation": "oneToOne",
      "target": "api::location.location"
    },
    "contact": {
      "type": "string"
    }
  }
}
