{
  "kind": "collectionType",
  "collectionName": "tags",
  "info": {
    "singularName": "tag",
    "pluralName": "tags",
    "displayName": "Tag",
    "description": ""
  },
  "options": {
    "draftAndPublish": true
  },
  "pluginOptions": {},
  "attributes": {
    "tag_name": {
      "type": "string"
    },
    "tag_group_id": {
      "type": "relation",
      "relation": "oneToOne",
      "target": "api::tag-group.tag-group"
    },
    "code": {
      "type": "string"
    },
    "value": {
      "type": "string"
    },
    "display": {
      "type": "boolean"
    }
  }
}
