{
  "kind": "collectionType",
  "collectionName": "sc_product_download_directories",
  "info": {
    "singularName": "sc-product-download-directory",
    "pluralName": "sc-product-download-directories",
    "displayName": "sc_retail_product_download_directories",
    "description": ""
  },
  "options": {
    "draftAndPublish": true
  },
  "pluginOptions": {},
  "attributes": {
    "url": {
      "type": "string"
    },
    "enabled": {
      "type": "boolean"
    },
    "sc_retail_product": {
      "type": "relation",
      "relation": "oneToOne",
      "target": "api::sc-product.sc-product"
    }
  }
}
