{
  "kind": "collectionType",
  "collectionName": "locations",
  "info": {
    "singularName": "location",
    "pluralName": "locations",
    "displayName": "Location",
    "description": ""
  },
  "options": {
    "draftAndPublish": true
  },
  "pluginOptions": {},
  "attributes": {
    "address": {
      "type": "text"
    },
    "city": {
      "type": "string"
    },
    "state": {
      "type": "string"
    },
    "country": {
      "type": "string"
    },
    "zip": {
      "type": "integer"
    },
    "latitude": {
      "type": "float"
    },
    "longitude": {
      "type": "float"
    },
    "map_url": {
      "type": "string"
    },
    "gps": {
      "type": "string"
    }
  }
}
